kind,precinct,name,room,address,city,zip,bus,extended,note
both,223,Ben Hur Shrine Center,Ballroom,7811 Rockwood Ln,Austin,78757,Yes,1,
both,375,Lakeway Activity Center,Room F,105 Cross Creek,Lakeway,78734,No,1,
both,101,Millennium Youth Entertainment Complex,East Media and Conference Room,1156 Hargrave St,Austin,78702,Yes,1,
both,171,PfISD Rock Gym,Gymnasium,702 W Pecan St,Pflugerville,78660,No,1,
both,333,Randalls Brodie,Café,9911 Brodie Ln,Austin,78748,No,1,
both,215,Travis County Clerk,Early Voting Room,5501 Airport Blvd,Austin,78751,Yes,1,
both,312,UT Texas Union,Room 2.214,2308 Whitis Ave,Austin,78712,Yes,1,
both,301,Austin City Hall,Media Room 1034,301 W 2nd St,Austin,78701,Yes,0,
both,107,Austin Energy Headquarters,Capital Training Room,4815 Mueller Blvd,Austin,78723,Yes,0,
both,350,Austin Oaks Church,Family Life Foyer,4220 Monterey Oaks Blvd,Austin,78749,No,0,
both,216,Austin Permitting and Development Center,Room 1407,6310 Wilhelmina Delco Dr,Austin,78752,No,0,
both,308,Austin Recreation Center,Dance Studio,1301 Shoal Creek Blvd,Austin,78701,Yes,0,
both,384,Balcones Bingo,Main Hall,13096 US 183,Austin,78750,No,0,
both,448,Bedichek Middle School,Small Gymnasium,6800 Bill Hughes Rd,Austin,78745,Yes,0,
both,292,Bee Cave City Hall,Community Room A and B,4000 Galleria Pkwy,Bee Cave,78738,No,0,
both,100,Carver Branch Library,Meeting Room 2,1161 Angelina St,Austin,78702,Yes,0,
both,403,Cepeda Branch Library,Meeting Room 1,651 N Pleasant Valley Rd,Austin,78702,Yes,0,
both,250,Chinatown Center,Building B-1 former bank,10901 N Lamar Blvd,Austin,78753,Yes,0,
both,388,Christ Episcopal Church,Outreach Center,3520 W Whitestone Blvd,Cedar Park,78613,No,0,
both,343,Circle C Community Center,Meeting Room 2,7817 La Crosse Ave,Austin,78739,No,0,
both,459,Community Center At Del Valle,Activity Room Bldg D,3518 S FM 973,Del Valle,78617,Yes,0,
both,352,Community Center at Oak Hill,Community Room,8656 W State Hwy 71,Austin,78735,No,0,
both,423,Dan Ruiz Branch Library,Meeting Rooms 1 and 2,1600 Grove Blvd,Austin,78741,Yes,0,
both,244,Disability Rights Texas,Board Rooms,2222 W Braker Ln,Austin,78758,Yes,0,
both,260,Former Verizon,Suite 9705D,9705 Research Blvd,Austin,78759,No,0,
both,463,George Morales Dove Springs Recreation Center,Dance Studio,5801 Ainez Dr,Austin,78744,No,0,
both,131,Gus Garcia Recreation Center,Senior Room,1201 E Rundberg Ln,Austin,78753,Yes,0,
both,281,Lago Vista Public Library,Meeting Room,5803 Thunderbird St Ste 40,Lago Vista,78645,Yes,0,
both,204,LBJ School Of Public Affairs,Lobby,2315 Red River St,Austin,78712,Yes,0,
both,126,Manor ISD Admin Building,Technology Room,10335 Hwy 290,Manor,78653,No,0,
both,430,Menchaca Road Branch Public Library,Meeting Room,5500 Menchaca Rd,Austin,78745,Yes,0,
both,210,Northwest Recreation Center,Classroom 2,2913 Northland Dr,Austin,78757,Yes,0,
both,177,Pfluger Hall and Conference Center,Great Hall,203 E Pecan St,Pflugerville,78660,No,0,
both,321,Randalls Flagship West Lake Hills,Café,3300 Bee Caves Rd,West Lake Hills,78746,Yes,0,
both,274,Randalls Steiner Ranch,Café,5145 N FM 620,Austin,78732,No,0,
both,262,Riata Trace,Suite 120,12221 Riata Trace Pkwy,Austin,78727,No,0,
both,291,Riverbend Centre,Quad3ABCD,4214 N Capital of Texas Hwy,Austin,78746,No,0,
both,269,RRISD Hartfield Performing Arts Center,Lobby,5800 McNeil Dr,Austin,78729,No,0,
both,260,Shops at Arbor Walk,Suite L,10515 N Mopac Expy,Austin,78759,Yes,0,
both,416,South Austin Recreation Center,Lobby,1100 Cumberland Rd,Austin,78704,Yes,0,
both,308,Travis County Civil and Family Courts Facility,Conference Room,1700 Guadalupe St,Austin,78701,Yes,0,
both,174,Typhoon Texas Waterpark,Main Lobby,18500 TX 130 Service Rd,Pflugerville,78660,No,0,
both,445,Westoak Woods Baptist Church,CMB Room 104,2900 W Slaughter Ln,Austin,78748,Yes,0,
both,414,Wheatsville Food Coop South Lamar,Community Kitchen,4001 S Lamar Blvd,Austin,78704,Yes,0,
both,459,TCC Complex,Lobby,3614 Bill Price Rd,Del Valle,78617,Yes,0,Early voting here Oct 30 only
ed,457,Creedmoor Community Center,Meeting Room,12513 FM 1625,Creedmoor,78610,No,0,
ed,391,Deer Creek Elementary School,MPR,2420 Zeppelin Dr,Cedar Park,78613,No,0,
ed,481,Del Valle ISD Admin Building,Board Meeting Room,5301 Ross Rd,Del Valle,78617,Yes,0,
ed,483,Elroy Community Library,The Learning Center,13512 FM 812,Del Valle,78617,No,0,
ed,145,Ministerios Filadelfia Iglesia Cristiana,Sanctuary,13704 County Line Rd,Elgin,78621,No,0,
ed,396,Round Mountain Baptist Church,Sunday School Classroom,14500 Round Mountain Rd,Leander,78641,No,0,
ed,392,Volente Fire Department,Meeting Space,15406 FM 2769,Leander,78641,No,0,
ed,398,Christ Our Savior Lutheran Church,Fellowship Hall,21900 RM 1431,Lago Vista,78645,No,0,
ed,395,Community Center at Jonestown,Community Room,18649 RM 1431 Ste 6A,Jonestown,78645,Yes,0,
ed,282,K Oaks Clubhouse,Meeting Room,7000 Bar K Ranch Rd,Lago Vista,78645,Yes,0,
ed,280,Northlake Church,The Oak Room,3610 Lohman Ford Rd,Lago Vista,78645,No,0,
ed,336,Manchaca United Methodist Church,Family Life Center,1011 FM 1626,Manchaca,78652,No,0,
ed,126,Eternal Faith Baptist Church,Fellowship Hall,12720 FM 973,Manor,78653,Yes,0,
ed,142,Manor High School Ninth Grade Center,Room G114,12700 Gregg Manor Rd,Manor,78653,No,0,
ed,146,New Sweden Lutheran Church,Foundation Center Room,12809 New Sweden Church Rd,Manor,78653,No,0,
ed,490,Travis County Sheriff East Command,Lobby,7811 Burleson Manor Rd,Manor,78653,No,0,
ed,126,Whisper Valley Discovery and Amenity Center,Media Room,9400 Petrichor Blvd,Manor,78653,No,0,
ed,150,Pflugerville Fire Station No 6,Meeting Room,17401 Weiss Ln,Pflugerville,78660,No,0,
ed,185,Bible Baptist Church of Pflugerville,Auditorium,14400 Immanuel Rd,Pflugerville,78660,No,0,
ed,253,Boulder Ridge Clubhouse,Clubhouse,3300 Killingsworth Ln,Pflugerville,78660,No,0,
ed,178,Cambridge Villas,Dining Room,15711 Dessau Rd,Pflugerville,78660,No,0,
ed,156,New Life Baptist Church,Foyer,19715 Hodde Ln,Pflugerville,78660,No,0,
ed,188,Northtown MUD,Meeting Room,700 E Wells Branch Pkwy,Pflugerville,78660,No,0,
ed,172,Pflugerville Lions Club,Main Hall,500 N Railroad Ave,Pflugerville,78660,No,0,
ed,177,Pflugerville Public Library,Large Conference Room,1008 W Pfluger St,Pflugerville,78660,No,0,
ed,162,Stone Hill Apartments,Community Room,17900 Pfluger Farm Ln,Pflugerville,78660,No,0,
ed,170,Travis County HHS Pflugerville Community Center,Activity Room,15822 Foothill Farms Loop,Pflugerville,78660,No,0,
ed,164,All Nations Church,Family Room,16804 Radholme Ct,Round Rock,78664,No,0,
ed,366,Briarcliff POA Community Center,Community Room,22801 Briarcliff Dr,Briarcliff,78669,No,0,
ed,367,Lake Travis Community Library,Meeting Room,21209 State Hwy 71 W,Spicewood,78669,No,0,
ed,400,Emma S Barrientos Mexican American Cultural Center,Raul Salinas Room,600 River St,Austin,78701,Yes,0,
ed,300,Sam Houston Building,Break Room And Library,201 E 14th St,Austin,78701,Yes,0,
ed,108,Huston-Tillotson University,Davage-Durden Student Union,900 Chicon St,Austin,78702,Yes,0,
ed,102,Mt Zion Baptist Church,Family Life Center Room 119,2938 E 13th St,Austin,78702,Yes,0,
ed,401,Terrazas Branch Library,Meeting Rooms 1 and 2,1105 E Cesar Chavez St,Austin,78702,Yes,0,
ed,402,Cantu Pan Am Recreation Center,Gym,2100 E 3rd St,Austin,78702,Yes,0,
ed,101,Conley Guerrero Senior Activity Center,Language Room,808 Nile St,Austin,78702,Yes,0,
ed,231,Howson Branch Library,Meeting Room,2500 Exposition Blvd,Austin,78703,No,0,
ed,230,O Henry Middle School,Gym,2610 W 10th St,Austin,78703,Yes,0,
ed,231,Westminster Presbyterian Church,Fellowship Hall,3208 Exposition Blvd,Austin,78703,Yes,0,
ed,411,Church on Congress Avenue,Sanctuary,1511 S Congress Ave,Austin,78704,Yes,0,
ed,304,Mary Lee Foundation,Lobby,1339 Lamar Square Dr,Austin,78704,Yes,0,
ed,414,South Austin Senior Activity Center,Club Room,3911 Menchaca Rd,Austin,78704,Yes,0,
ed,418,St Edwards University,UFCU Alumni Gym,3001 S Congress Ave,Austin,78704,Yes,0,
ed,307,St Marks Episcopal Church,Parish Hall,2128 Barton Hills Dr,Austin,78704,No,0,
ed,413,Travis County Services For The Deaf and Hard of Hearing,Lobby,2201 Post Rd,Austin,78704,Yes,0,
ed,410,Twin Oaks Branch Library,Meeting Room,1800 S 5th St,Austin,78704,Yes,0,
ed,306,Zilker Elementary School,Office Hallway,1900 Bluebonnet Ln,Austin,78704,No,0,
ed,418,Travis Early College High School,Cafeteria,1211 E Oltorf St,Austin,78704,Yes,0,
ed,315,Austin Presbyterian Theological Seminary,Room 211,100 E 27th St,Austin,78705,Yes,0,
ed,314,Lamar Senior Activity Center,MPR,2874 Shoal Crest Ave,Austin,78705,Yes,0,
ed,311,University Presbyterian Church,Fellowship Hall,2203 San Antonio St,Austin,78705,Yes,0,
ed,110,Alternative Learning Center at Sims Elementary School,Cafeteria,1203 Springdale Rd,Austin,78721,Yes,0,
ed,110,Greater Mt Zion Baptist Church,Assembly Room,4301 Tannehill Ln,Austin,78721,Yes,0,
ed,405,Liberal Arts and Science Academy,Lobby of Performing Arts Center,1012 Arthur Stiles Rd,Austin,78721,Yes,0,
ed,104,Genesis Presbyterian Church,Fellowship Hall,1507 Wilshire Blvd,Austin,78722,Yes,0,
ed,103,Campbell Elementary School,Entrance Hallway,2613 Rogers Ave,Austin,78722,No,0,
ed,112,East Nineteenth St Baptist Church,Fellowship Hall,3401 Rogge Ln,Austin,78723,No,0,
ed,106,General Marshall Middle School,Community Room,4401 Tilley St,Austin,78723,No,0,
ed,113,Harris Elementary School,Community Room,6105 Berkman Dr,Austin,78723,Yes,0,
ed,116,Hope Lutheran Church,Parish Hall,6414 N Hampton Dr,Austin,78723,Yes,0,
ed,111,Region 13 Education Service Center,Canyon of the Eagles Room,5701 Springdale Rd,Austin,78723,No,0,
ed,114,Sawyer Hall Event Center,Event Center,1320 E 51st St,Austin,78723,Yes,0,
ed,111,University Hills Branch Library,Meeting Room,4721 Loyola Ln,Austin,78723,Yes,0,
ed,113,Windsor Park Branch Library,Meeting Room,5833 Westminster Dr,Austin,78723,Yes,0,
ed,120,YMCA East Communities Y,Lobby,5315 Ed Bluestein Blvd,Austin,78723,No,0,
ed,130,Austin Achieve Northeast Campus,High School Gym,7424 E Hwy 290,Austin,78723,No,0,
ed,123,Community First! Village,Unity Hall,9301 Hog Eye Rd,Austin,78724,Yes,0,
ed,121,LBJ Early College High School,Community Room,7309 Lazy Creek Dr,Austin,78724,Yes,0,
ed,120,New Hope Missionary Baptist Church,The Vestibule,9300 Decker Ln,Austin,78724,No,0,
ed,122,Turner Roberts Recreation Center,Arts and Crafts Room,7201 Colony Loop Dr,Austin,78724,Yes,0,
ed,126,Dailey Middle School,Lobby of the Gym,14000 Westall St,Austin,78725,No,0,
ed,275,Grandview Hills Elementary School,MPR,12024 Vista Parke Dr,Austin,78726,No,0,
ed,387,Peace Lutheran Church,Narthex,10625 N FM 620 Rd,Austin,78726,No,0,
ed,262,Davis Elementary School,Main Lobby,5214 Duval Rd,Austin,78727,No,0,
ed,264,Milwood Branch Library,Meeting Room,12500 Amherst Dr,Austin,78727,Yes,0,
ed,276,United Christian Church,Fellowship Hall,3500 W Parmer Ln,Austin,78727,No,0,
ed,190,Affinity at Wells Branch,Main Lobby,14508 Owen Tech Blvd,Austin,78728,Yes,0,
ed,191,Wells Branch Community Center,Meeting Room,2106 Klattenhoff Dr,Austin,78728,No,0,
ed,193,Wells Branch MUD Recreation Center,Arts and Crafts Room,3000 Shoreline Dr,Austin,78728,No,0,
ed,271,River Place Elementary School,MPR,6500 Sitio Del Rio Blvd,Austin,78730,No,0,
ed,232,Church at Highland Park,Atrium,5206 Balcones Dr,Austin,78731,Yes,0,
ed,234,Northwest Hills United Methodist Church Youth Center,Youth Center,7027 Hart Ln,Austin,78731,Yes,0,
ed,273,Canyon Ridge Middle School,Gym,12601 Country Trails Ln,Austin,78732,No,0,
ed,324,Ce Bar Fire Department,Training Room,353 S Commons Ford Rd,Austin,78733,No,0,
ed,326,Laura Bush Community Library,Commons,9411 Bee Caves Rd,Austin,78733,No,0,
ed,371,Lake Travis ISD Educational Development Center,Sage Room,607 Ranch Road 620 N,Austin,78734,No,0,
ed,294,Travis County Sheriff West Command,Show Up Room,3800 Hudson Bend Rd,Austin,78734,No,0,
ed,363,Lake Travis ISD Transportation Center,Training Room,16101 State Hwy 71 Bldg A,Austin,78734,No,0,
ed,353,Oak Hill Fire Dept No 302,Community Room,4111 Barton Creek Blvd,Austin,78735,No,0,
ed,356,Austin Hills Church,Sanctuary,8203 W State Hwy 71,Austin,78735,Yes,0,
ed,350,Western Hills Church Of Christ,Foyer,6211 Parkwood Dr,Austin,78735,Yes,0,
ed,361,Oak Hill Fire Dept No 301,Training Room 1,9211 Circle Dr,Austin,78736,No,0,
ed,363,Presbyterian Church of Lake Travis,Fellowship Hall,14820 Hamilton Pool Rd,Austin,78738,No,0,
ed,349,Bailey Middle School,Main Hallway,4020 Lost Oasis Hollow,Austin,78739,No,0,
ed,348,Bear Creek Elementary School,Art Room,12801 Escarpment Blvd,Austin,78739,No,0,
ed,420,Good Shepherd on the Hill,Parish Hall,1700 Woodland Ave,Austin,78741,No,0,
ed,423,Montopolis Recreation Center,Gymnasium,1200 Montopolis Dr,Austin,78741,Yes,0,
ed,425,Primera Iglesia Bautista De Austin,Fellowship Hall,2100 E Ben White Blvd,Austin,78741,Yes,0,
ed,460,Communities in Schools Central Texas,Tejemos,2521 E St Elmo Rd,Austin,78744,Yes,0,
ed,460,Josephine Houston Elementary School,Cafetorium,5409 Ponciana Dr,Austin,78744,No,0,
ed,463,Ojeda Middle School,Small Gym,4900 McKinney Falls Pky,Austin,78744,No,0,
ed,466,Perez Elementary School,Gymnasium,7500 S Pleasant Valley Rd,Austin,78744,Yes,0,
ed,464,The Union At Easton Park,The Vaughn,7604 Solari Dr,Austin,78744,No,0,
ed,463,Woodway Village,Activity Room,4600 Nuckols Crossing Rd,Austin,78744,No,0,
ed,467,Palm Elementary School,Associate Classroom 131,7601 Dixie Dr,Austin,78744,Yes,0,
ed,436,Berkeley United Methodist Church,Christian Life Center,2407 Berkeley Ave,Austin,78745,Yes,0,
ed,450,Dittmar Recreation Center,AB Room Main Building,1009 W Dittmar Rd,Austin,78745,No,0,
ed,437,Odom Elementary School,Front Foyer,1010 Turtle Creek Blvd,Austin,78745,No,0,
ed,448,Pleasant Hill Branch Library,Meeting Room,211 E William Cannon Dr,Austin,78745,Yes,0,
ed,432,St Elmo Elementary School,Lobby,600 W St Elmo Rd,Austin,78745,Yes,0,
ed,330,Sunset Valley City Hall,Council Chambers,3205 Jones Rd,Austin,78745,No,0,
ed,327,Lost Creek Limited District,Board Room,1305 Quaker Ridge Dr,Austin,78746,No,0,
ed,322,Valley View Elementary,Library,1201 S Capital of Texas Hwy,Austin,78746,No,0,
ed,322,Westlake United Methodist Church,Gym,1460 Redbud Trl,Austin,78746,No,0,
ed,471,Blazier Intermediate,Community Room,8801 Vertex Blvd,Austin,78747,Yes,0,
ed,472,St Albans Episcopal Church,Assembly Room,11819 IH 35 S,Austin,78747,No,0,
ed,442,Akins High School,Gym Foyer,10701 S 1st St,Austin,78748,Yes,0,
ed,451,Uprising Austin,Worship Center,8601 S 1st St,Austin,78748,Yes,0,
ed,335,Villages of Shady Hollow Amenity Center,Amenity Center,12006 Gatling Gun Ln,Austin,78748,No,0,
ed,454,Paredes Middle School,Library,10100 S Mary Moore Searight Dr,Austin,78748,No,0,
ed,345,Bowie High School,VC Room,4103 W Slaughter Ln,Austin,78749,No,0,
ed,344,Mills Elementary School,Multi Purpose Room,6201 Davis Ln,Austin,78749,No,0,
ed,350,Shepherd of the Hills Presbyterian Church,Narthex,5226 W William Cannon Dr,Austin,78749,No,0,
ed,358,Will Hampton Branch Library,Meeting Room,5125 Convict Hill Rd,Austin,78749,Yes,0,
ed,318,Gorzycki Middle School,Portable C2,7412 W Slaughter Ln,Austin,78749,No,0,
ed,342,Boone Elementary School,Cafetorium,8101 Croftwood Dr,Austin,78749,Yes,0,
ed,380,Lakewood HOA,Community Room,7317 Lakewood Dr,Austin,78750,No,0,
ed,385,Central City Austin,Sanctuary,9023 Old Lampasas Trl,Austin,78750,No,0,
ed,206,Baker Center,Cafetorium,3908 Avenue B,Austin,78751,Yes,0,
ed,213,Winters Building,Main Lobby,701 W 51st St,Austin,78751,Yes,0,
ed,216,TA Brown Elementary School,Community Room,7801 Guadalupe St,Austin,78752,Yes,0,
ed,130,Virginia L Brown Recreation Center,Meeting Room B,7500 Blessing Ave,Austin,78752,No,0,
ed,254,Connally High School,Large Gym Foyer,13212 N Lamar Blvd,Austin,78753,Yes,0,
ed,243,North Austin Muslim Community Center,Building 106,11900 N Lamar Blvd,Austin,78753,Yes,0,
ed,137,Our Savior Lutheran Church,Narthex,1513 E Yager Ln,Austin,78753,No,0,
ed,135,Village at Collinwood,Clubhouse,1001 Collinwood West Dr,Austin,78753,No,0,
ed,141,Austin Fire Station No 41,Bay,11205 Harris Branch Pkwy,Austin,78754,No,0,
ed,131,Trinity Baptist Church,Fellowship Hall,2305 Forbes Dr,Austin,78754,Yes,0,
ed,205,Congregation Beth Israel,Smith Auditorium,3901 Shoal Creek Blvd,Austin,78756,Yes,0,
ed,212,McCallum High School,Performing Arts Center Foyer,5600 Sunshine Dr,Austin,78756,Yes,0,
ed,220,St Johns United Methodist Church,Fellowship Hall,2140 Allandale Rd,Austin,78756,Yes,0,
ed,211,Yarborough Branch Library,Meeting Room,2200 Hancock Dr,Austin,78756,Yes,0,
ed,221,Grace + Peace Austin,Gym,6301 Woodrow Ave,Austin,78757,Yes,0,
ed,226,John Gillum Branch Library,Meeting Room,2505 Steck Ave,Austin,78757,Yes,0,
ed,223,Rosedale School,Community Room,7505 Silvercrest Dr,Austin,78757,Yes,0,
ed,227,Wooten Elementary School,Community Room,1405 Wooten Dr,Austin,78757,No,0,
ed,243,Grant Worship Center,Leon Thomas Annex,1701 Kramer Ln,Austin,78758,No,0,
ed,241,Jaime Padron Elementary School,Music Room,2011 W Rundberg Ln,Austin,78758,Yes,0,
ed,240,Juan P Navarro Early College High School,Main Hallway,1201 Payton Gin Rd,Austin,78758,No,0,
ed,240,YMCA North Austin,Community Room,1000 W Rundberg Ln,Austin,78758,Yes,0,
ed,242,Cook Elementary School,Cafetorium,1511 Cripple Creek Dr,Austin,78758,No,0,
ed,238,Anderson High School,Library,8403 Mesa Dr,Austin,78759,Yes,0,
ed,266,Atria at The Arboretum,Meeting Room,9306 Great Hills Trl,Austin,78759,No,0,
ed,285,Junior League of Austin,Community Room,5330 Bluffstone Ln,Austin,78759,No,0,
ed,235,Sage Park Austin,Common Room,4401 Spicewood Springs Rd,Austin,78759,Yes,0,
ed,237,St Matthews Episcopal Church,Lobby of Sanctuary,4121 Steck Ave,Austin,78759,Yes,0,
